,STOXX Europe 600,STOXX Europe Banks,STOXX Europe Financials,STOXX Europe Auto & Parts,STOXX Europe Insurance,STOXX Europe Technology,STOXX Europe Utilities,STOXX Europe Chemicals,STOXX Europe Basic Resource,STOXX Europe Con & Mat,STOXX Europe Health Care,STOXX Europe Inds Gds & Svs,STOXX Europe Media,STOXX Europe Telecoms
1987-01-01,82.76,103.62,108.12,166.13,110.29,112.06,66.19,94.91,72.03,83.28,42.9,80.86,71.48,67.89
1987-02-01,83.03,102.08,105.84,148.67,105.48,106.04,66.08,94.13,72.67,90.01,47.49,82.46,77.74,68.03
1987-03-01,86.22,98.86,104.25,144.4,105.3,108.33,67.77,98.81,75.4,96.46,54.2,90.17,83.26,72.75
1987-04-01,88.66,99.99,106.46,151.33,108.12,115.18,67.9,102.82,80.26,97.76,53.05,90.53,85.47,72.04
1987-05-01,91.14,99.01,106.76,154.33,108.5,118.75,68.42,102.98,85.58,102.03,54.31,93.53,86.86,80.77
1987-06-01,92.9,97.14,104.42,151.78,104.37,117.2,70.03,106.71,88.27,105.27,56.8,96.09,89.34,83.72
1987-07-01,94.65,99.3,107.98,157.58,109.05,115.96,70.29,110.61,90.02,107.16,56.99,96.19,97.52,78.25
1987-08-01,99.43,105.37,112.71,166.29,112.54,119.82,74.23,120.79,107.92,114.74,60.37,98.2,100.95,81.17
1987-09-01,98.84,108.25,113.28,161.35,110.61,117.03,77.18,123.77,104.25,112.44,60.32,98.2,102.63,79.99
1987-10-01,100.6,109.81,115.38,158.75,113.5,116.45,74.28,126.54,108.05,118.34,62.99,101.73,109.08,80.56
1987-11-01,75.69,85.69,89.22,118.5,87.38,83.81,65.25,92.92,74.54,88.06,43.79,75.14,72.55,65.64
1987-12-01,68.96,78.21,82.25,100.25,80.97,71.35,59.62,84.9,69.5,78.92,40.33,68.53,65.69,60.62
1988-01-01,71.1,79.57,84.21,95.75,83.22,69.55,60.59,86.72,71.69,86.55,39.75,71.15,73.23,62.66
1988-02-01,71.79,79.85,84.14,91.38,83.18,65.44,62.65,83.1,71.17,87.5,41.97,72.97,76.41,66.07
1988-03-01,76.08,84.59,90.89,107.36,89.96,74.06,65.12,89.36,75.62,91.32,43.72,77.43,77.96,68.45
1988-04-01,76.06,82.51,89.59,103.33,89.48,74.39,65.76,87.18,78.54,93.2,42.8,77.33,77.96,69.68
1988-05-01,78.5,82.86,90.26,103.74,91.47,76.1,66.67,89.6,83.07,97.03,43.8,80.69,79.79,71.54
1988-06-01,79.39,86.62,91.57,103.76,88.77,78.59,64.77,92.26,88.03,97.39,45.18,81.61,82.21,70.49
1988-07-01,82.32,89.41,95.11,110.62,93.74,84.73,68.25,95.88,91.97,99.97,47.21,84.94,84.1,75.5
1988-08-01,84.42,90.95,97.07,113.01,96.41,85.38,68.94,98.05,94.68,103.67,48.06,87.64,87.79,76.34
1988-09-01,79.62,87.17,92.5,105.36,91.7,82.79,67.48,94.0,90.86,97.55,45.22,82.82,79.9,69.97
1988-10-01,84.03,91.88,98.47,112.0,98.84,87.77,69.25,98.28,99.72,103.85,48.7,87.92,84.02,74.77
1988-11-01,87.42,96.08,102.09,121.61,101.12,91.93,69.69,101.49,102.66,109.66,50.29,92.49,86.85,77.48
1988-12-01,85.03,94.72,100.51,117.84,98.76,87.32,67.98,97.61,102.63,104.52,47.68,91.7,82.94,76.88
1989-01-01,87.04,96.28,102.49,120.43,101.86,92.51,68.57,101.24,104.13,107.41,47.79,94.83,84.75,78.04
1989-02-01,94.12,99.51,106.04,117.27,104.7,96.03,74.32,106.63,116.5,118.12,54.4,105.95,95.93,87.26
1989-03-01,92.12,96.77,102.57,118.53,100.51,94.55,70.9,104.79,118.09,116.97,54.04,107.57,95.96,83.61
1989-04-01,95.31,99.81,105.11,121.87,102.34,99.53,73.34,108.11,121.73,124.33,56.49,111.21,98.07,87.86
1989-05-01,97.04,100.29,105.69,121.34,103.2,99.88,76.06,109.39,123.1,128.52,58.39,114.05,98.95,87.37
1989-06-01,97.87,99.28,104.27,125.23,99.75,104.88,78.69,112.73,122.19,131.17,57.94,115.51,100.38,89.48
1989-07-01,99.82,102.02,107.2,133.94,104.17,106.14,82.82,109.89,123.88,130.0,59.51,119.1,98.99,86.19
1989-08-01,105.49,110.72,116.57,142.28,114.21,110.66,84.32,110.0,127.41,133.93,64.19,122.91,106.78,88.04
1989-09-01,109.6,113.05,120.61,149.72,120.32,113.52,86.99,113.87,135.31,137.57,71.15,126.9,111.5,94.47
1989-10-01,107.17,111.33,119.36,142.37,119.18,115.47,88.49,110.34,132.67,138.16,66.12,121.66,108.98,91.99
1989-11-01,99.63,106.02,112.74,131.79,112.23,107.86,83.24,101.61,122.83,122.31,62.49,111.86,101.93,83.21
1989-12-01,103.75,111.32,118.15,133.69,117.88,116.8,90.96,103.42,127.66,125.15,65.17,116.15,106.3,86.51
1990-01-01,108.16,116.71,123.56,145.8,123.58,122.92,95.73,109.51,133.36,132.33,66.24,119.72,108.93,91.67
1990-02-01,106.77,115.03,121.12,144.25,120.13,123.01,94.05,108.64,130.52,130.22,63.13,120.46,107.69,90.87
1990-03-01,102.67,111.04,114.6,139.96,110.16,117.16,91.82,105.43,128.9,124.88,61.1,115.86,104.93,90.02
1990-04-01,104.28,109.6,115.25,149.01,113.58,123.36,94.38,107.83,136.17,130.1,62.67,119.38,106.81,85.05
1990-05-01,102.04,107.57,113.85,141.77,111.77,121.91,92.97,104.9,131.17,130.24,61.56,116.21,104.27,80.25
1990-06-01,109.68,115.14,121.96,143.42,121.11,126.22,98.58,111.01,136.38,139.75,67.26,124.54,115.7,92.78
1990-07-01,110.87,117.76,123.96,142.46,124.13,127.93,100.74,107.65,137.88,144.26,68.66,124.42,117.46,96.95
1990-08-01,109.89,118.69,123.53,133.13,123.7,124.42,99.48,105.77,133.82,143.13,67.6,122.04,109.95,94.14
1990-09-01,97.3,105.69,108.45,108.51,108.03,106.65,91.15,92.04,114.19,117.93,60.53,105.03,93.65,87.68
1990-10-01,88.51,93.1,96.45,95.92,97.27,93.96,84.67,82.91,99.3,104.18,58.25,93.33,85.85,79.31
1990-11-01,89.19,92.97,97.4,91.9,98.67,99.4,88.82,80.93,98.66,109.03,59.47,91.85,85.05,77.01
1990-12-01,91.25,96.04,99.32,91.22,100.46,100.57,93.41,84.58,100.25,112.0,62.17,93.63,84.73,82.24
1991-01-01,88.91,92.96,95.59,86.52,95.89,96.71,90.18,83.39,99.21,106.4,62.54,91.63,84.24,81.35
1991-02-01,89.89,95.56,98.63,83.22,100.65,99.76,93.68,86.67,99.59,108.44,63.95,93.08,83.6,85.32
1991-03-01,99.7,106.58,109.31,94.69,110.24,106.62,98.84,94.76,113.58,125.81,69.87,105.55,93.59,94.26
1991-04-01,104.58,110.11,112.75,99.98,112.7,109.71,102.06,99.76,121.74,129.25,77.64,109.75,100.41,100.96
1991-05-01,104.9,109.62,112.15,101.9,112.3,107.65,101.22,102.39,121.46,126.39,77.71,108.35,97.52,102.98
1991-06-01,107.63,113.18,115.08,110.6,116.17,112.42,104.95,107.99,121.99,127.41,83.11,109.87,97.58,107.77
1991-07-01,103.25,106.72,108.42,109.06,108.81,108.48,98.67,101.64,120.69,120.69,83.49,106.0,91.78,99.58
1991-08-01,105.75,109.5,109.72,105.94,108.29,110.53,101.3,104.24,122.65,121.14,85.98,108.64,95.88,103.84
1991-09-01,108.06,111.09,110.08,110.33,106.28,112.09,103.94,107.28,125.21,124.32,90.15,112.13,102.34,106.53
1991-10-01,106.36,107.75,107.23,104.2,103.37,108.77,105.33,105.83,122.22,118.4,88.53,111.28,102.74,110.47
1991-11-01,103.46,103.56,102.87,99.94,99.04,106.54,101.71,101.79,114.77,111.23,94.08,105.76,102.68,105.22
1991-12-01,98.43,98.15,98.83,97.85,98.21,98.71,98.02,97.82,103.91,99.98,92.19,99.09,96.72,100.72
1992-01-01,100.0,100.0,100.0,100.0,100.0,100.0,100.0,100.0,100.0,100.0,100.0,100.0,100.0,100.0
1992-02-01,105.81,106.21,106.8,108.23,107.89,106.37,103.23,106.98,109.46,109.87,103.51,108.0,107.6,101.29
1992-03-01,106.82,107.42,107.33,110.24,108.27,110.23,106.57,108.98,110.85,112.67,100.04,109.34,114.78,102.4
1992-04-01,102.68,100.39,100.65,110.02,101.76,108.77,100.4,108.1,107.92,110.11,98.06,106.81,108.27,93.7
1992-05-01,109.34,104.57,104.83,116.46,105.62,114.9,108.62,112.64,117.5,118.63,97.4,115.23,120.17,100.48
1992-06-01,111.12,105.08,105.7,121.43,107.75,117.27,111.17,113.99,117.75,117.69,101.78,119.35,119.48,104.3
1992-07-01,102.75,97.3,97.94,112.42,100.86,106.86,105.9,107.58,109.07,103.97,92.11,111.33,111.2,94.02
1992-08-01,97.23,91.89,90.79,105.05,91.58,99.76,100.5,102.28,101.36,94.18,94.37,102.53,106.71,92.75
1992-09-01,91.99,87.91,85.35,94.24,85.01,94.29,99.54,98.72,92.9,84.03,92.17,96.79,104.01,90.56
1992-10-01,93.51,91.94,89.61,88.31,89.58,92.89,93.85,98.89,91.68,82.85,96.03,97.44,106.75,85.79
1992-11-01,95.35,95.78,95.0,89.03,97.68,91.98,95.77,99.06,86.83,84.72,97.86,95.55,104.75,90.95
1992-12-01,98.81,98.91,97.71,89.44,100.5,97.12,100.46,100.3,93.71,87.38,100.02,100.33,111.01,100.0
1993-01-01,101.55,101.64,100.59,89.0,102.95,99.87,104.34,103.32,97.08,91.36,101.21,104.1,116.38,101.66
1993-02-01,102.41,106.62,106.06,95.89,109.75,101.09,105.57,104.2,98.63,94.38,94.3,105.94,118.15,104.08
1993-03-01,107.3,113.08,113.49,101.92,118.64,109.84,111.49,108.91,103.07,102.04,92.13,110.95,124.19,107.73
1993-04-01,108.28,112.56,113.06,99.62,115.61,111.57,115.49,109.69,103.38,103.29,89.02,112.32,126.51,109.13
1993-05-01,108.02,112.85,114.51,100.39,118.03,111.84,112.18,109.26,104.01,105.51,92.78,112.38,125.05,108.04
1993-06-01,108.95,113.73,115.62,97.35,118.52,112.38,112.47,108.46,105.17,107.03,99.0,112.28,125.59,115.46
1993-07-01,113.87,119.35,120.75,105.91,123.95,118.21,117.0,113.41,109.93,108.93,97.49,117.58,132.54,124.9
1993-08-01,121.21,127.12,129.41,116.88,132.75,127.81,122.82,122.75,123.25,119.37,100.51,128.4,137.38,132.03
1993-09-01,124.9,131.82,134.15,123.12,137.0,133.97,128.78,123.94,125.41,121.04,105.95,128.81,144.53,138.02
1993-10-01,122.65,131.15,132.83,118.11,135.61,134.39,127.82,122.43,120.07,118.54,106.92,125.93,142.19,136.84
1993-11-01,129.06,138.44,140.44,117.78,143.44,142.64,136.96,126.93,128.02,122.13,114.15,132.13,151.24,147.14
1993-12-01,129.65,138.64,140.33,118.08,141.6,138.37,138.21,128.43,131.66,125.28,116.57,133.37,155.97,142.02
1994-01-01,138.48,146.85,147.35,135.33,146.2,148.75,147.92,138.0,140.09,137.43,125.63,145.74,165.46,152.1
1994-02-01,143.87,148.06,149.55,143.26,146.78,151.57,157.31,142.4,152.39,150.71,128.77,154.56,178.16,159.43
1994-03-01,135.49,136.64,137.14,139.48,132.97,143.73,147.17,137.55,149.52,143.78,123.19,147.34,170.22,145.61
1994-04-01,131.37,129.28,131.52,149.46,131.12,144.43,142.02,142.59,143.88,137.6,118.69,143.09,161.28,145.08
1994-05-01,134.92,128.76,132.66,164.88,134.48,153.88,137.22,150.63,151.49,139.83,115.92,149.03,165.92,144.44
1994-06-01,127.04,121.53,125.38,151.02,126.58,141.87,130.95,141.1,143.83,128.98,113.12,137.39,154.25,135.05
1994-07-01,122.71,118.37,120.64,142.23,121.29,137.95,126.49,135.47,141.44,124.24,111.62,131.66,144.66,130.48
1994-08-01,128.99,123.28,125.82,157.62,126.81,149.55,132.49,144.13,150.57,132.79,108.68,139.67,154.77,137.1
1994-09-01,131.04,122.77,125.12,154.84,126.05,148.22,135.31,146.94,156.72,134.66,117.47,138.7,159.39,141.39
1994-10-01,122.79,117.47,118.49,142.46,119.7,137.18,125.22,136.29,151.14,124.9,111.35,129.29,150.54,131.42
1994-11-01,125.46,121.78,121.63,143.31,121.85,141.98,130.08,138.7,148.77,125.35,113.39,131.09,154.72,135.73
1994-12-01,125.2,123.9,123.39,139.66,123.68,138.65,132.0,134.82,145.29,124.73,115.61,132.36,156.18,131.35
1995-01-01,124.84,120.93,121.64,138.77,122.83,140.95,129.47,136.9,147.33,121.59,119.81,131.13,153.21,129.34
1995-02-01,123.32,118.19,118.33,136.61,118.68,141.52,124.44,137.5,146.98,116.79,122.58,129.65,146.45,133.2
1995-03-01,122.72,118.92,119.04,137.54,120.73,141.09,122.64,136.66,145.58,113.71,126.6,128.66,144.17,124.51
1995-04-01,121.27,117.11,116.58,126.68,117.45,138.72,119.56,130.61,137.79,112.03,129.16,124.23,144.47,119.73
1995-05-01,125.93,120.44,121.46,132.75,124.89,146.78,127.19,135.92,144.26,115.07,133.13,128.95,149.94,123.49
1995-06-01,130.55,126.19,127.74,137.02,131.19,156.18,132.69,139.56,148.0,119.47,136.86,135.43,156.61,127.09
1995-07-01,128.48,123.73,125.19,129.95,128.85,160.32,128.45,136.2,147.36,114.17,141.34,133.02,157.83,126.45
1995-08-01,132.85,125.87,127.72,137.01,133.01,169.64,134.07,144.34,156.33,118.77,145.03,138.63,160.85,131.23
1995-09-01,134.79,124.96,127.55,141.03,134.35,175.29,136.87,144.12,152.11,119.04,151.44,141.21,169.31,136.49
1995-10-01,135.76,127.9,129.86,143.0,136.36,178.52,134.09,143.08,154.2,114.25,158.08,142.95,168.47,133.26
1995-11-01,134.64,130.2,132.53,133.31,140.07,166.07,130.85,144.33,146.07,109.74,166.09,139.39,169.11,127.28
1995-12-01,138.29,137.83,139.18,134.12,147.6,171.69,135.86,144.93,145.25,112.69,172.44,138.04,176.31,128.07
1996-01-01,141.69,140.54,142.72,136.03,151.59,165.93,141.36,147.58,143.73,113.41,179.76,138.86,174.25,128.32
1996-02-01,147.48,143.99,145.32,149.12,153.32,176.61,143.23,162.95,150.72,121.45,182.21,146.37,187.76,137.96
1996-03-01,148.49,143.41,144.53,151.51,151.5,178.1,144.71,165.98,153.84,122.74,186.94,151.87,195.66,139.43
1996-04-01,149.72,140.35,141.79,150.33,147.5,172.84,143.61,173.57,153.16,121.16,199.41,154.86,207.05,140.39
1996-05-01,153.34,141.41,143.79,155.52,148.24,174.77,152.78,175.19,159.36,124.4,196.75,160.68,214.32,147.61
1996-06-01,152.67,139.08,141.43,153.44,144.82,181.0,147.75,174.98,155.77,124.93,192.49,159.99,217.32,145.57
1996-07-01,153.58,140.65,141.99,152.3,145.32,176.17,147.2,177.66,154.13,125.07,198.98,161.78,218.51,143.67
1996-08-01,147.98,141.75,142.21,144.99,145.27,169.04,141.39,168.08,147.16,117.36,190.18,154.98,201.86,136.58
1996-09-01,151.56,144.75,144.01,145.37,145.27,177.61,141.65,173.9,150.79,120.34,199.51,160.19,214.23,140.61
1996-10-01,158.13,150.83,150.03,151.64,151.98,188.02,145.49,183.39,156.42,124.39,208.4,168.31,221.43,146.03
1996-11-01,158.63,151.8,151.37,152.16,153.44,186.45,149.76,185.1,152.79,123.31,208.28,169.27,226.47,149.37
1996-12-01,168.41,162.54,161.37,165.05,161.76,196.31,164.59,202.6,159.21,125.94,215.28,175.47,229.72,164.96
1997-01-01,171.31,165.53,163.69,167.16,163.26,196.69,171.01,205.72,158.5,126.78,216.48,180.43,232.66,172.57
1997-02-01,182.85,182.08,178.4,183.72,175.55,221.85,177.02,209.21,162.26,135.57,237.55,190.77,237.13,190.51
1997-03-01,189.02,190.79,188.01,192.36,185.25,226.45,180.43,220.32,172.87,140.0,244.22,193.36,247.89,193.81
1997-04-01,187.51,187.69,184.67,195.54,181.61,230.37,174.76,209.51,175.52,139.27,244.37,188.7,237.58,196.98
1997-05-01,197.54,203.41,197.45,204.6,191.57,243.47,187.89,216.36,178.2,142.7,263.89,195.27,245.36,210.69
1997-06-01,204.03,211.75,205.92,208.02,198.95,248.91,189.88,217.43,185.54,143.68,275.6,207.48,246.65,214.07
1997-07-01,217.73,227.6,217.51,223.97,207.1,275.46,203.82,233.35,195.39,151.29,303.03,216.77,239.06,233.53
1997-08-01,233.87,255.79,243.69,235.72,236.68,319.67,208.3,253.67,203.86,155.78,321.24,229.35,253.88,243.76
1997-09-01,220.65,240.28,228.36,221.47,221.46,296.23,205.1,230.79,197.36,151.39,291.59,223.94,237.09,227.85
1997-10-01,236.99,268.84,250.54,238.48,237.95,329.44,213.02,245.46,210.05,159.38,309.88,239.48,248.97,241.3
1997-11-01,221.45,248.51,235.89,208.7,228.08,303.14,200.36,225.17,177.21,147.98,294.27,218.07,239.0,230.41
1997-12-01,228.59,255.82,244.61,214.03,241.2,298.26,218.66,231.5,171.67,149.87,311.03,219.78,253.46,248.82
1998-01-01,235.79,280.79,265.72,211.82,262.91,288.43,225.71,235.48,166.92,150.56,326.77,223.26,251.99,253.54
1998-02-01,252.46,300.3,290.02,225.38,298.34,313.0,242.09,247.3,174.18,153.07,390.14,228.04,246.25,281.99
1998-03-01,269.24,326.45,317.45,253.45,328.09,350.71,245.08,259.88,185.2,164.26,381.74,244.23,271.92,303.91
1998-04-01,290.52,349.07,338.41,291.83,345.15,381.67,264.3,282.05,196.12,184.37,384.6,274.63,279.59,346.02
1998-05-01,288.18,348.65,341.49,291.74,341.2,401.57,264.52,280.01,203.54,183.94,361.17,276.22,266.78,342.95
1998-06-01,293.86,348.46,337.68,315.59,343.05,424.01,268.72,301.14,203.47,197.06,354.61,288.32,277.16,347.9
1998-07-01,301.98,359.85,349.58,325.13,357.13,433.23,283.88,307.29,190.45,191.54,369.51,282.07,280.07,388.69
1998-08-01,296.31,369.83,361.43,303.58,374.14,441.92,281.38,276.75,174.27,177.97,360.13,271.92,274.93,402.36
1998-09-01,255.09,293.18,292.14,253.32,314.26,359.09,261.04,234.4,142.73,152.51,337.04,227.2,242.43,371.37
1998-10-01,224.49,225.23,233.67,203.75,268.65,282.51,258.63,205.23,127.41,134.37,315.95,201.87,240.02,322.01
1998-11-01,256.63,281.71,285.31,233.47,321.57,341.22,276.79,238.84,142.22,157.36,356.48,232.08,254.93,360.69
1998-12-01,260.98,292.11,296.91,244.58,334.38,364.17,277.75,228.98,141.15,152.6,361.94,230.49,252.7,369.41
1999-01-01,279.2,309.61,318.27,256.96,368.86,380.98,298.77,235.73,140.71,162.43,391.26,245.77,274.76,412.52
1999-02-01,292.89,315.13,327.29,279.66,380.34,423.13,310.2,234.58,147.22,164.62,412.1,265.87,324.33,493.52
1999-03-01,286.47,314.28,314.39,255.71,342.44,398.47,292.34,228.89,150.78,170.43,393.06,266.99,330.57,498.05
1999-04-01,297.0,336.82,332.34,257.3,350.73,424.21,284.77,244.29,163.18,172.92,411.42,278.25,332.25,472.22
1999-05-01,313.74,364.22,352.84,285.83,361.33,452.02,275.51,278.0,195.07,191.48,383.03,304.04,338.26,484.46
1999-06-01,301.5,337.85,326.61,259.39,328.68,442.45,271.85,264.07,179.16,188.39,373.91,292.27,329.51,490.51
1999-07-01,319.64,347.84,336.37,277.6,342.77,510.63,285.71,284.45,202.89,197.5,384.82,308.8,334.69,507.62
1999-08-01,301.69,321.76,312.55,252.49,316.93,490.41,266.71,285.1,213.9,199.28,357.14,304.57,325.41,485.59
1999-09-01,310.27,332.09,324.23,257.03,333.08,499.6,276.31,288.33,223.1,206.91,368.48,316.03,323.81,489.26
1999-10-01,301.49,326.75,320.65,243.86,337.4,498.26,264.0,272.83,213.67,197.05,362.49,309.15,302.73,486.02
1999-11-01,317.94,342.89,336.24,255.83,354.27,570.01,269.3,280.91,217.73,193.0,393.39,308.89,320.79,543.21
1999-12-01,345.09,352.66,346.15,236.7,363.07,706.02,276.84,295.16,245.31,202.66,423.86,353.42,390.86,657.4
2000-01-01,377.69,363.55,360.98,258.37,387.24,906.08,280.5,319.72,284.13,221.83,393.72,399.3,484.38,783.08
2000-02-01,366.708,324.66,328.208,239.72,363.2,951.78,281.73,283.59,247.88,202.98,372.98,374.46,561.7,841.38
2000-03-01,391.029,333.18,332.17,235.69,364.21,1143.73,319.28,283.8,210.61,207.14,371.89,408.11,715.82,944.48
2000-04-01,386.995,349.23,360.072,247.72,415.04,998.65,311.2,303.31,225.86,207.24,419.86,384.2,594.22,845.41
2000-05-01,392.623,350.78,361.089,237.33,413.89,1091.32,310.69,300.16,211.76,209.47,434.89,398.23,587.91,810.83
2000-06-01,385.548,362.72,368.001,231.67,415.42,1016.99,315.85,284.14,201.4,210.48,433.5,387.13,522.59,770.86
2000-07-01,381.875,361.41,372.477,222.13,422.77,1012.54,298.27,282.83,204.9,206.04,455.37,374.47,514.79,711.58
2000-08-01,382.917,376.04,387.875,230.35,434.84,1001.76,296.69,290.43,206.09,205.11,463.91,385.7,515.01,673.75
2000-09-01,400.841,396.66,402.988,238.96,434.85,1128.06,302.58,295.67,222.14,210.78,478.25,393.37,555.8,680.67
2000-10-01,379.917,402.87,405.089,230.29,430.65,922.5,304.75,278.38,204.64,194.83,502.51,368.6,477.26,592.65
2000-11-01,387.662,414.32,417.17,246.31,449.85,908.42,311.24,309.67,229.13,205.2,499.37,371.78,493.83,620.61
2000-12-01,366.967,392.6,405.287,221.23,464.96,794.26,308.0,306.93,213.48,201.7,505.62,347.04,427.32,536.83
2001-01-01,359.79,401.04,409.558,218.86,463.58,749.73,303.56,329.52,226.26,208.08,490.43,340.86,427.94,495.15
2001-02-01,358.621,414.98,413.451,236.45,439.17,720.18,290.54,320.24,235.97,218.26,457.88,343.31,441.7,523.27
2001-03-01,331.996,388.91,384.667,247.93,408.28,511.88,285.67,322.49,239.07,219.37,468.37,316.15,396.73,411.62
2001-04-01,320.158,379.42,369.094,231.5,373.34,473.89,285.09,300.16,227.03,208.67,457.86,283.99,369.57,413.12
2001-05-01,342.016,402.47,388.224,250.17,385.9,583.3,287.7,308.7,254.31,220.85,459.11,308.27,418.3,454.7
2001-06-01,341.573,401.603,386.963,247.047,380.224,538.53,300.04,312.425,265.86,224.608,491.81,311.932,396.17,393.97
2001-07-01,333.792,400.791,390.129,248.666,398.414,464.88,301.53,309.386,252.569,216.363,496.71,285.466,369.848,382.32
2001-08-01,317.887,371.174,366.505,246.378,383.254,415.78,302.24,303.277,233.745,210.654,482.3,266.203,354.885,349.59
2001-09-01,294.713,365.295,353.572,215.254,355.793,327.61,294.24,280.458,231.539,206.25,445.36,238.097,313.1,289.88
2001-10-01,259.894,310.814,297.356,163.488,291.26,262.65,272.59,241.715,197.743,184.419,446.32,194.079,247.487,285.05
2001-11-01,279.061,333.73,318.962,184.95,313.385,349.31,276.58,256.759,219.082,187.504,452.26,212.827,281.169,312.4
2001-12-01,287.873,348.21,329.82,208.961,317.876,402.88,265.79,276.989,247.834,199.88,433.37,230.871,301.524,337.13
2002-01-01,298.73,362.75,341.76,218.31,322.33,430.86,271.55,277.71,254.65,207.24,444.09,238.43,310.77,344.81
2002-02-01,293.461,365.305,335.327,221.921,296.488,409.73,274.6,286.545,270.822,206.353,434.89,236.039,282.319,307.86
2002-03-01,292.939,356.785,327.298,231.368,290.617,390.73,271.37,294.239,280.752,211.392,453.12,239.994,280.763,288.93
2002-04-01,303.038,373.28,344.205,247.09,308.069,404.16,273.74,307.448,276.411,220.697,447.84,252.433,300.823,289.14
2002-05-01,290.638,382.328,344.087,236.933,298.084,320.57,275.3,299.638,259.08,220.111,434.47,243.648,268.143,250.82
2002-06-01,276.998,372.064,330.222,239.859,272.622,273.11,264.26,295.478,269.386,215.864,398.97,235.476,254.656,229.56
2002-07-01,254.858,336.782,297.177,220.97,242.442,242.25,250.13,284.586,248.922,199.238,374.88,216.593,215.641,201.11
2002-08-01,218.162,290.528,247.35,202.008,183.654,195.29,210.62,237.408,201.642,164.26,335.82,183.59,173.325,199.03
2002-09-01,222.753,300.834,253.836,200.323,182.441,195.3,226.76,242.476,208.514,168.824,324.05,182.726,172.734,207.18
2002-10-01,197.537,252.298,209.361,170.63,138.437,155.51,206.96,213.636,190.692,145.307,324.82,149.409,157.812,176.22
2002-11-01,210.475,276.898,233.7,174.608,166.116,211.43,207.01,217.325,199.84,141.296,326.04,152.318,168.612,206.81
2002-12-01,222.452,299.792,255.617,181.78,189.245,245.66,207.04,235.575,224.159,161.429,325.78,165.755,191.626,238.69
2003-01-01,201.723,265.426,224.251,154.44,157.181,185.75,197.96,214.187,202.292,143.485,303.36,145.106,166.193,211.05
2003-02-01,192.12,250.816,211.016,155.13,146.191,180.53,198.74,194.119,187.189,140.076,293.62,137.422,159.305,214.51
2003-03-01,182.077,244.31,202.314,146.821,133.116,169.53,183.7,174.908,187.096,133.568,277.19,126.185,141.269,201.59
2003-04-01,178.916,239.399,193.303,130.476,115.741,169.84,181.81,170.995,176.432,130.605,277.66,126.686,136.534,202.33
2003-05-01,194.13,268.486,221.021,150.859,143.91,200.98,195.32,196.092,182.196,147.534,300.8,139.661,152.398,217.08
2003-06-01,200.407,277.377,228.272,146.252,147.692,209.2,200.58,191.542,183.067,146.471,302.27,143.378,163.255,229.93
2003-07-01,198.873,278.589,227.57,158.485,142.239,198.35,199.42,190.411,181.607,148.858,296.45,145.526,159.723,222.06
2003-08-01,208.768,297.115,247.117,167.26,166.608,217.29,198.8,212.663,211.428,162.481,299.01,160.39,171.295,222.54
2003-09-01,217.677,296.376,247.819,187.458,169.031,245.39,204.23,219.776,232.931,170.409,308.57,173.445,179.399,225.26
2003-10-01,209.762,292.256,240.963,169.098,156.436,224.41,196.61,201.895,211.291,160.253,307.97,164.528,167.105,224.9
2003-11-01,224.999,318.108,263.294,182.12,175.346,260.21,201.42,212.68,243.875,170.349,322.71,183.09,186.446,237.36
2003-12-01,226.789,320.846,263.416,181.337,170.795,259.83,207.45,222.287,243.283,177.019,328.81,178.163,190.781,248.54
2004-01-01,229.31,322.851,265.656,190.619,173.562,249.08,218.56,228.312,242.243,179.963,330.85,174.548,185.665,251.04
2004-02-01,236.17,329.421,274.437,190.64,184.452,283.88,222.72,232.475,242.931,187.208,337.43,182.724,206.591,263.44
2004-03-01,245.132,336.071,280.437,189.426,186.994,300.49,239.98,232.946,268.513,194.272,338.18,188.446,214.287,270.28
2004-04-01,239.328,328.437,272.691,183.941,176.955,294.27,239.27,224.079,257.042,190.993,332.65,184.757,205.49,258.91
2004-05-01,240.39,327.807,271.315,198.258,175.719,254.71,238.49,232.92,236.021,195.8,350.17,185.101,204.893,260.61
2004-06-01,235.749,320.624,264.514,191.701,168.795,247.13,238.45,230.605,239.785,189.329,347.48,178.742,198.331,246.86
2004-07-01,240.082,322.506,268.564,200.044,177.707,261.08,244.7,239.869,243.049,195.697,341.35,185.29,205.42,248.6
2004-08-01,236.137,319.233,263.161,200.153,168.41,226.79,246.98,235.269,255.861,196.547,343.94,181.21,192.812,245.0
2004-09-01,235.214,323.635,265.666,193.323,166.672,220.87,249.7,232.709,257.617,199.71,346.36,178.859,185.868,246.68
2004-10-01,241.85,333.86,273.325,192.999,171.458,243.24,256.0,243.41,276.506,208.284,348.3,185.168,191.365,259.5
2004-11-01,242.291,337.891,276.029,189.213,171.584,247.25,266.34,244.202,261.309,207.216,337.61,184.122,193.482,265.0
2004-12-01,249.285,348.323,286.297,188.226,179.901,255.86,263.87,257.827,281.089,214.176,330.23,189.805,200.391,281.23
2005-01-01,252.55,356.872,295.115,195.461,188.847,246.39,273.73,262.611,272.092,222.664,339.26,190.617,201.416,282.94
2005-02-01,258.861,363.542,300.253,199.646,190.596,241.83,284.77,264.585,290.488,238.074,336.89,200.805,209.403,283.38
2005-03-01,266.253,371.56,308.885,205.806,200.679,246.94,284.46,282.06,311.627,242.674,349.53,205.447,214.412,282.27
2005-04-01,263.429,365.077,303.945,206.432,198.61,240.44,283.51,281.409,297.564,235.888,344.36,205.595,214.364,279.83
2005-05-01,256.835,353.621,292.812,188.924,186.335,234.68,287.48,267.886,273.625,228.852,365.96,196.042,206.061,270.03
2005-06-01,270.87,367.7,305.658,204.574,195.359,261.92,302.79,283.887,294.915,245.296,389.43,209.279,211.809,276.62
2005-07-01,278.073,378.197,313.993,210.701,200.238,268.54,311.41,285.505,303.53,256.92,383.19,213.713,218.837,281.63
2005-08-01,285.299,387.519,324.023,230.642,210.867,270.89,308.61,298.154,320.385,267.338,394.14,220.938,218.102,291.3
2005-09-01,286.838,383.328,319.96,227.146,204.597,265.78,317.45,297.969,337.314,271.752,393.35,223.703,215.778,292.88
2005-10-01,299.75,403.028,336.114,246.828,214.368,290.0,329.43,319.798,373.8,277.415,415.18,233.483,220.288,292.75
2005-11-01,290.446,395.578,330.92,224.344,215.891,273.46,313.78,306.112,356.968,264.014,416.02,224.659,211.601,289.45
2005-12-01,304.312,421.057,354.877,232.31,237.901,292.42,331.75,328.104,384.703,277.606,426.49,239.103,218.248,276.61
2006-01-01,311.189,431.133,364.526,234.546,245.711,299.12,343.66,340.142,405.468,290.532,432.39,252.548,224.795,276.34
2006-02-01,324.483,455.912,383.478,250.488,250.335,307.27,368.95,351.463,464.999,312.962,437.07,268.951,230.875,262.99
2006-03-01,330.736,477.617,402.247,261.52,262.57,308.74,385.79,352.263,455.743,324.936,432.97,278.324,226.705,265.25
2006-04-01,337.205,475.748,404.347,277.714,268.485,328.81,381.1,355.882,497.766,343.737,447.3,284.077,232.758,274.37
2006-05-01,337.32,471.928,399.569,268.216,261.466,317.83,381.33,363.918,506.133,342.804,449.51,286.953,232.733,278.11
2006-06-01,320.103,449.045,378.256,248.841,243.476,296.77,372.8,343.213,473.866,318.768,434.89,266.93,224.324,271.07
2006-07-01,322.196,448.315,378.705,240.203,245.036,290.92,374.01,346.947,487.472,324.941,448.46,266.996,222.28,264.27
2006-08-01,323.515,450.119,380.037,240.619,243.842,268.47,386.93,349.97,489.599,321.348,452.72,258.03,215.025,262.17
2006-09-01,336.432,474.013,401.876,254.728,262.583,286.98,406.2,363.298,503.313,339.279,464.6,271.214,225.652,268.14
2006-10-01,341.391,484.849,411.905,258.347,268.285,288.55,424.48,374.948,486.6,351.025,459.24,278.352,230.36,280.17
2006-11-01,354.6,503.836,427.94,281.094,277.806,297.26,432.16,387.523,550.078,365.145,457.6,290.352,238.547,308.84
2006-12-01,349.311,487.203,415.93,273.109,271.053,293.28,444.79,387.841,526.095,370.064,437.09,290.182,234.928,304.99
2007-01-01,365.256,510.332,438.01,289.896,286.351,307.69,464.95,412.395,547.151,393.658,442.86,311.321,240.535,322.54
2007-02-01,376.952,530.941,453.503,304.335,292.152,308.84,471.59,432.321,562.961,420.656,461.48,329.76,251.627,335.64
2007-03-01,361.794,502.285,431.873,307.325,282.954,293.4,451.16,409.241,556.494,408.554,442.15,316.043,243.206,315.58
2007-04-01,375.527,509.709,439.978,346.829,286.914,299.97,479.94,449.342,596.245,435.907,438.85,331.646,250.811,320.16
2007-05-01,386.77,532.649,456.392,357.435,298.203,316.36,490.86,464.937,600.793,446.712,452.09,350.193,248.994,328.04
2007-06-01,400.31,534.921,459.879,388.602,301.178,331.11,524.47,481.371,686.958,480.51,446.13,371.311,265.548,349.14
2007-07-01,392.232,509.765,438.08,390.576,289.67,335.64,505.73,498.001,708.004,462.824,432.23,372.017,255.684,338.77
2007-08-01,374.156,488.874,415.961,376.582,269.857,320.12,480.46,478.612,667.488,435.94,420.81,353.656,244.153,322.69
2007-09-01,376.994,478.936,411.987,379.908,274.298,338.03,496.36,487.259,670.354,432.498,419.37,352.515,245.833,343.56
2007-10-01,380.861,467.519,407.876,401.196,282.252,347.69,518.22,491.211,764.908,416.904,416.28,352.101,236.087,359.5
2007-11-01,382.565,459.893,402.45,422.123,277.361,331.4,539.75,490.354,741.701,419.087,399.78,357.103,238.401,380.38
2007-12-01,368.812,437.672,378.732,373.232,250.65,313.98,547.64,485.935,722.249,398.462,411.3,340.886,225.696,377.87
2008-01-01,364.642,424.259,370.903,360.545,252.21,304.27,548.42,517.442,700.459,388.313,394.41,340.531,226.541,369.56
2008-02-01,328.417,373.199,329.228,309.215,224.399,279.32,492.91,469.784,682.043,354.222,368.79,302.314,204.643,343.98
2008-03-01,314.457,346.215,307.803,305.328,214.381,258.45,468.28,460.0,704.79,339.273,353.66,296.714,190.409,311.47
2008-04-01,316.073,363.107,324.664,316.168,233.192,248.03,464.89,473.865,653.004,350.764,349.11,293.362,187.002,293.89
2008-05-01,323.59,367.654,325.452,303.146,229.333,251.29,480.7,501.763,728.201,348.827,344.89,299.18,187.072,299.27
2008-06-01,318.438,332.693,300.74,294.44,218.218,250.88,491.88,514.557,766.826,349.404,350.35,305.732,184.561,294.2
2008-07-01,283.001,276.811,252.091,246.999,185.043,213.71,451.61,485.577,717.33,280.278,342.16,268.732,155.761,273.91
2008-08-01,280.242,291.83,262.617,247.824,188.281,232.4,441.01,462.93,628.364,259.698,356.23,267.793,165.608,264.94
2008-09-01,287.179,294.698,266.554,266.218,196.08,243.97,446.49,465.328,606.56,275.818,370.1,277.994,172.346,269.52
2008-10-01,257.754,271.28,244.611,245.693,182.711,198.96,409.57,398.332,419.219,235.757,357.95,231.183,151.439,255.68
2008-11-01,223.376,199.149,182.022,253.159,133.409,173.97,371.21,336.865,334.883,207.576,363.86,187.055,140.927,232.07
2008-12-01,193.907,157.092,150.106,194.374,124.17,149.02,313.89,289.789,249.068,187.599,320.78,167.684,131.153,230.57
2009-01-01,198.358,151.107,149.832,199.932,134.679,153.23,339.65,321.327,249.14,204.163,324.23,180.105,135.01,234.75
2009-02-01,186.317,129.166,128.394,176.958,115.238,149.41,314.31,298.734,241.607,181.903,322.58,168.084,130.204,218.02
2009-03-01,164.301,101.418,101.829,146.065,88.719,131.59,266.81,280.839,214.208,157.381,277.37,153.009,123.237,211.55
2009-04-01,179.258,129.194,124.345,173.153,101.838,149.49,274.21,293.674,266.529,182.218,291.09,164.684,127.42,218.56
2009-05-01,200.476,168.69,156.97,218.178,122.403,170.98,298.79,331.066,320.827,222.468,290.17,189.972,137.724,213.59
2009-06-01,214.312,188.283,172.207,224.659,129.293,177.47,316.85,358.158,385.294,225.473,299.29,199.373,137.541,216.45
2009-07-01,209.458,181.34,165.998,220.522,125.178,173.19,303.84,336.91,353.75,215.406,306.99,194.389,127.805,223.39
2009-08-01,228.456,212.23,190.242,257.717,137.629,177.07,311.22,383.262,412.85,240.016,327.83,216.359,139.065,238.18
2009-09-01,231.657,225.368,201.255,214.871,145.591,181.2,323.84,374.477,379.14,249.565,331.85,219.935,144.494,240.6
2009-10-01,238.622,230.683,208.478,225.278,157.185,188.45,330.06,385.401,387.833,258.885,336.76,229.357,151.28,248.24
2009-11-01,237.645,223.751,200.707,228.211,145.916,177.22,314.07,395.423,414.159,250.689,336.48,227.606,146.15,250.72
2009-12-01,245.584,224.653,202.298,229.44,147.828,178.62,324.29,441.052,472.565,266.194,349.95,237.523,150.539,258.04
2010-01-01,253.893,222.0,202.502,236.17,152.083,184.61,342.99,463.18,501.774,276.731,366.92,247.566,159.57,261.17
2010-02-01,248.421,210.764,193.802,224.372,148.319,196.49,328.78,438.374,476.003,264.654,369.91,246.402,155.921,248.02
2010-03-01,248.686,204.958,190.226,207.38,149.163,195.2,322.69,448.553,484.687,257.28,377.7,253.236,158.106,248.68
2010-04-01,267.62,226.709,208.979,235.917,161.783,218.5,337.32,476.339,568.799,282.432,380.62,277.86,172.822,260.11
2010-05-01,260.521,215.941,198.294,246.377,149.559,209.06,328.8,462.127,521.851,286.707,372.02,277.511,173.281,252.61
2010-06-01,245.342,194.112,181.552,240.769,142.424,197.35,304.99,438.888,491.478,254.491,364.49,268.087,159.655,241.35
2010-07-01,237.302,188.655,175.847,238.616,136.822,188.7,284.82,439.48,445.743,239.09,366.97,262.833,156.337,240.2
2010-08-01,262.089,230.814,209.879,262.984,156.333,196.89,311.985,472.52,519.883,259.105,361.837,287.852,174.879,266.42
2010-09-01,258.187,217.424,199.313,260.075,149.334,187.935,307.808,467.76,504.888,239.816,381.801,279.976,172.715,271.46
2010-10-01,259.093,208.095,194.128,284.937,149.469,198.653,299.761,490.294,523.355,244.366,374.507,290.195,171.389,266.61
2010-11-01,266.396,206.984,195.772,308.476,154.291,201.25,317.566,526.299,549.149,252.688,377.784,302.419,177.325,281.94
2010-12-01,267.111,196.303,186.824,341.287,147.105,203.417,302.822,551.537,587.15,262.915,381.186,315.057,175.027,270.75
2011-01-01,278.024,198.135,191.995,352.657,156.146,218.492,313.516,570.603,634.805,287.631,390.279,334.665,182.688,269.8
2011-02-01,284.203,217.193,209.419,347.965,173.865,232.961,330.353,558.478,615.26,287.261,385.577,332.791,186.711,282.35
2011-03-01,284.634,214.706,208.548,343.309,175.561,232.599,325.901,565.207,617.459,290.023,390.949,334.648,188.157,282.43
2011-04-01,280.017,203.341,200.236,341.774,171.373,228.759,321.009,573.078,609.738,296.266,375.619,338.169,184.308,282.213
2011-05-01,283.925,202.217,200.383,365.181,172.544,233.753,328.221,615.998,596.522,302.043,395.315,343.006,182.511,276.157
2011-06-01,278.379,193.199,192.111,346.041,163.893,223.423,309.872,596.834,574.277,289.385,418.08,337.373,176.68,263.77
2011-07-01,274.917,190.668,190.149,373.818,164.605,216.267,307.215,598.272,576.74,283.132,406.056,332.981,176.989,259.886
2011-08-01,262.017,169.574,171.965,351.542,150.079,198.343,282.691,570.416,546.434,251.793,416.766,306.69,163.901,258.412
2011-09-01,238.932,144.385,149.552,281.467,133.267,189.859,260.097,493.716,475.693,230.623,398.349,277.636,155.811,245.305
2011-10-01,223.623,130.009,135.333,239.148,123.25,177.617,265.922,444.352,388.51,209.257,393.452,248.805,146.592,242.411
2011-11-01,235.055,133.032,139.903,270.883,130.157,193.316,259.551,489.373,432.252,221.46,394.029,265.186,153.369,246.925
2011-12-01,238.491,128.773,138.04,268.487,132.61,193.582,266.353,501.572,444.566,220.009,404.41,271.616,157.407,249.624
2012-01-01,247.146,134.136,142.204,267.79,135.494,191.248,266.658,522.174,447.397,230.213,436.808,280.618,163.898,254.769
2012-02-01,259.513,150.661,158.692,324.498,151.361,200.618,264.438,559.321,521.972,249.043,431.422,303.342,166.554,247.461
2012-03-01,267.063,157.169,164.358,340.342,155.259,210.153,269.482,595.137,508.64,261.255,431.841,316.583,168.923,249.094
2012-04-01,267.164,150.018,160.499,336.648,155.508,220.224,269.25,605.531,474.356,253.89,443.904,319.2,172.82,251.979
2012-05-01,258.371,138.261,149.297,325.253,145.184,202.52,256.545,584.204,484.787,236.63,444.485,310.599,167.027,239.348
2012-06-01,235.091,119.718,130.575,278.798,126.595,183.275,237.864,530.9,395.953,211.704,428.25,278.294,152.748,226.48
2012-07-01,254.821,135.263,147.473,283.777,145.287,192.625,263.673,561.851,420.386,237.061,462.023,294.331,168.255,242.696
2012-08-01,262.566,132.073,146.935,306.095,147.929,206.453,253.941,594.828,427.577,229.47,488.497,308.712,176.411,246.866
2012-09-01,268.466,141.139,155.37,304.511,157.586,208.181,267.192,610.799,424.514,235.16,484.527,315.526,181.913,251.195
2012-10-01,272.332,150.904,163.588,309.243,163.224,207.808,269.987,647.122,441.33,242.988,492.224,322.742,183.369,246.619
2012-11-01,273.705,157.536,169.666,318.315,168.175,211.844,270.568,627.606,448.702,246.17,483.765,325.694,182.601,235.205
2012-12-01,276.13,159.534,172.261,332.572,172.456,225.856,255.372,652.526,434.216,247.538,484.887,332.697,187.269,227.594
2013-01-01,279.676,163.19,176.565,351.071,177.107,229.373,258.983,664.75,462.488,262.209,487.562,337.974,189.958,225.361
2013-02-01,288.196,176.294,186.044,369.318,180.504,246.139,250.04,683.989,455.264,265.209,506.355,345.996,194.098,234.962
2013-03-01,289.017,171.15,183.004,363.132,178.459,247.338,247.816,679.285,432.116,275.224,520.917,357.984,198.956,224.293
2013-04-01,293.783,163.214,179.23,349.853,182.268,248.267,254.84,683.437,406.923,275.196,547.57,364.81,207.887,239.791
2013-05-01,296.928,171.998,187.722,353.164,189.825,249.036,269.412,687.663,378.38,270.514,562.467,357.003,207.081,249.012
2013-06-01,298.587,176.284,191.589,392.566,193.165,250.035,261.733,703.461,386.022,282.646,554.608,366.917,204.684,238.112
2013-07-01,288.294,163.566,181.422,372.878,190.572,243.803,249.193,672.308,342.88,268.772,549.438,354.27,209.13,237.965
2013-08-01,303.292,179.795,196.683,422.689,202.678,256.372,261.749,695.922,373.661,285.783,553.189,375.659,224.283,250.306
2013-09-01,302.936,178.544,194.13,414.918,197.878,257.863,258.445,692.263,393.731,281.61,557.519,375.874,224.61,260.019
2013-10-01,312.855,186.263,201.902,447.131,204.605,280.212,273.294,707.868,391.179,304.779,558.816,397.073,234.497,277.892
2013-11-01,321.502,192.452,210.298,458.348,218.22,278.238,278.724,719.79,402.66,311.841,570.962,398.136,245.062,295.817
2013-12-01,324.102,193.436,211.982,478.614,221.303,287.019,278.031,746.29,393.121,313.311,585.571,404.268,248.171,290.633
2014-01-01,328.257,194.213,215.034,481.946,228.22,290.515,278.328,757.328,400.706,319.496,586.958,413.876,253.973,297.599
2014-02-01,318.206,191.601,209.541,469.942,217.319,273.741,276.376,719.437,392.438,313.345,593.63,398.671,245.912,288.379
2014-03-01,330.356,197.408,217.097,497.402,226.327,281.137,291.786,740.584,410.99,334.788,616.831,407.378,251.509,294.6
2014-04-01,336.354,203.586,222.39,528.596,229.41,292.665,307.86,748.737,408.582,355.638,614.19,418.553,249.677,293.881
2014-05-01,338.498,201.278,220.904,515.522,228.808,276.569,303.456,765.524,407.747,359.519,636.452,410.837,244.644,300.438
2014-06-01,345.084,202.716,223.644,523.963,231.468,285.055,318.605,786.866,408.519,355.972,642.396,419.311,253.617,304.475
2014-07-01,344.89,195.85,219.194,520.216,230.611,284.107,323.38,784.693,420.041,353.04,660.547,410.298,249.249,303.165
2014-08-01,331.908,191.315,213.365,471.497,224.606,282.225,310.119,728.969,432.658,323.456,650.688,392.056,243.301,293.48
2014-09-01,342.862,196.622,220.602,473.795,234.342,294.725,320.18,758.294,427.691,332.096,683.05,406.334,254.727,297.84
2014-10-01,340.223,199.848,222.73,449.758,238.159,293.058,322.332,748.25,400.677,319.369,708.353,397.176,250.364,299.617
2014-11-01,334.252,192.379,218.197,460.984,237.398,286.948,313.034,748.386,387.587,319.586,679.175,392.378,252.841,302.335
2014-12-01,345.643,194.026,223.432,502.639,248.76,303.196,324.662,796.507,379.579,333.739,711.529,403.725,268.419,326.54
2015-01-01,342.54,188.772,220.589,501.307,250.555,312.183,315.444,786.356,376.004,334.528,693.692,406.089,272.514,320.05
2015-02-01,367.28,188.118,229.081,579.762,273.606,324.828,328.153,876.742,383.973,360.395,755.236,432.885,295.537,349.795
2015-03-01,391.293,207.111,247.422,632.513,285.032,354.594,329.474,917.886,426.55,392.921,799.117,467.76,314.191,369.461
2015-04-01,398.523,216.271,257.671,658.919,301.272,357.195,326.438,963.393,398.133,401.066,833.777,476.714,322.574,367.247
2015-05-01,394.662,215.333,251.608,640.935,281.116,348.767,325.599,917.62,417.203,396.125,822.559,469.87,317.616,370.571
2015-06-01,400.571,218.504,254.724,637.392,282.045,367.444,335.457,940.595,403.461,400.681,843.198,477.396,325.008,378.068
2015-07-01,387.071,216.508,250.698,627.793,276.793,347.039,312.05,911.96,374.452,389.885,804.328,455.281,318.44,372.542
2015-08-01,399.442,222.466,259.315,586.88,288.772,347.66,323.859,937.573,344.496,405.53,863.561,466.781,329.737,391.528
2015-09-01,352.89,192.688,227.813,512.477,257.566,308.938,291.717,811.843,295.005,374.408,764.276,417.889,291.432,342.669
2015-10-01,346.233,184.499,221.844,464.195,254.442,308.801,287.575,778.47,265.332,358.092,754.203,400.537,295.55,324.244
2015-11-01,376.751,193.201,238.048,556.266,284.221,348.983,314.653,862.275,297.525,389.287,798.775,435.915,311.245,360.179
2015-12-01,384.237,194.383,242.127,587.192,297.405,368.017,313.573,870.43,277.202,402.808,808.263,454.384,317.859,367.246
2016-01-01,365.813,182.626,229.359,565.059,285.558,355.86,303.872,825.491,244.914,389.262,794.923,428.763,305.224,347.099
2016-02-01,341.61,153.91,199.734,470.871,256.386,338.102,300.481,741.827,215.54,376.273,744.231,402.807,295.785,338.753
2016-03-01,338.719,149.615,194.343,485.641,247.454,333.801,283.259,757.849,253.876,374.353,718.343,410.846,297.469,331.587
2016-04-01,333.154,142.557,188.807,488.771,242.516,333.699,283.945,768.029,261.308,384.023,688.773,415.955,291.26,320.343
2016-05-01,341.236,150.887,196.376,492.768,248.198,321.248,296.289,785.68,300.881,389.052,711.717,423.134,283.817,318.054
2016-06-01,344.116,150.253,197.171,483.495,251.896,329.918,291.47,754.637,265.351,393.174,745.537,431.856,287.973,322.284
2016-07-01,332.24,125.998,171.31,438.757,223.334,320.547,296.079,751.831,295.319,371.141,755.188,412.644,270.219,303.815
2016-08-01,339.859,130.811,176.33,478.693,223.495,358.128,297.63,774.526,319.205,389.702,771.633,430.242,276.685,300.647
2016-09-01,343.658,145.259,189.398,485.034,233.72,360.542,285.968,810.792,304.601,408.942,717.981,445.005,279.359,296.964
2016-10-01,343.23,140.015,185.021,484.844,233.43,368.689,286.504,807.128,334.793,411.417,722.578,443.502,277.529,293.702
2016-11-01,335.332,149.55,190.776,492.717,238.386,337.637,277.519,797.652,348.476,400.824,667.3,427.337,262.566,286.262
2016-12-01,340.857,160.002,202.254,492.174,255.64,339.421,257.595,800.501,394.676,406.125,673.107,446.486,260.32,271.991
2017-01-01,363.179,171.209,215.281,550.182,270.608,370.265,278.502,862.055,397.162,426.406,716.75,467.737,283.146,293.832
2017-02-01,363.204,175.567,217.713,553.752,268.017,373.676,264.062,868.633,437.199,431.296,713.023,475.362,275.167,281.956
2017-03-01,375.69,175.093,219.596,565.086,272.988,401.403,278.603,885.405,439.307,451.03,757.106,491.818,285.161,294.728
2017-04-01,379.289,176.495,221.058,561.042,274.233,413.256,291.373,908.235,416.374,460.216,756.612,498.891,287.224,301.214
2017-05-01,386.639,183.713,228.739,578.738,277.817,420.56,287.367,930.439,405.702,472.493,766.242,521.186,286.985,294.385
2017-06-01,391.659,180.635,226.866,557.826,277.084,435.291,306.845,929.926,391.286,472.407,791.93,522.797,293.824,310.867
2017-07-01,383.41,187.196,231.248,546.329,280.383,414.514,292.867,910.564,399.544,458.818,766.435,514.645,280.337,291.959
2017-08-01,380.256,188.737,233.821,533.729,286.945,421.367,293.232,884.639,417.558,448.958,732.793,506.783,275.993,298.955
2017-09-01,376.136,181.407,225.96,542.738,277.455,418.295,302.646,881.883,438.058,450.668,735.479,503.889,261.003,287.307
2017-10-01,390.129,188.86,233.925,595.542,285.521,441.29,301.875,949.513,431.07,467.684,764.427,533.409,271.219,287.188
2017-11-01,396.773,185.903,234.269,628.668,295.376,465.031,308.586,985.63,458.572,468.353,742.76,550.861,270.788,288.069
2017-12-01,383.972,180.323,227.744,603.558,286.11,436.242,300.86,943.811,430.837,452.374,724.286,527.611,270.449,280.306
2018-01-01,389.178,183.989,232.162,614.771,288.349,439.005,291.957,949.331,473.081,459.787,727.829,533.478,274.963,281.609
2018-02-01,393.487,192.958,241.436,660.257,298.605,453.47,282.825,964.523,487.24,466.065,713.447,546.512,273.158,274.322
2018-03-01,374.857,184.307,231.424,619.473,290.712,436.278,269.2,917.728,459.386,443.366,683.662,519.574,269.017,261.935
2018-04-01,370.866,173.14,222.493,626.958,283.375,429.056,283.065,893.657,449.661,435.8,683.968,513.91,262.577,257.468
2018-05-01,385.035,178.049,230.052,628.313,296.728,448.327,297.981,928.433,466.029,449.017,700.906,525.789,278.03,274.229
2018-06-01,386.907,165.504,217.936,607.924,282.656,473.374,287.663,948.911,504.918,460.303,722.838,546.763,282.476,256.843
2018-07-01,376.754,159.656,210.382,545.431,271.083,463.901,291.378,927.753,466.448,435.454,715.859,527.591,279.675,248.883
2018-08-01,389.836,166.653,218.656,555.263,284.488,471.819,289.697,968.898,463.512,442.278,769.36,552.017,284.447,257.746
2018-09-01,382.505,154.806,209.735,532.165,281.836,480.09,284.514,948.967,438.645,441.527,761.98,552.361,291.129,241.55
2018-10-01,383.941,155.618,211.309,537.186,289.015,471.026,282.505,958.29,459.017,440.922,762.956,550.805,288.922,239.336
2018-11-01,363.081,145.548,199.586,497.184,278.122,426.55,279.247,871.239,435.839,406.657,743.515,499.914,273.571,245.705
2018-12-01,361.18,145.719,199.214,490.602,278.983,422.95,287.265,847.426,408.872,398.674,751.939,493.519,280.996,259.676
2019-01-01,337.648,132.396,183.538,441.766,259.369,392.53,285.79,801.038,395.732,373.28,708.433,455.357,263.322,244.907
2019-02-01,359.712,138.12,194.629,497.596,277.371,420.52,306.559,848.122,447.762,401.565,736.662,491.305,281.078,238.768
2019-03-01,374.235,144.13,202.529,507.872,294.219,445.442,307.929,896.854,461.736,428.312,772.428,513.471,284.696,238.347
2019-04-01,383.669,141.971,202.42,503.282,294.311,463.595,315.144,913.438,488.825,441.246,794.335,524.081,283.635,250.232
2019-05-01,391.091,148.839,210.631,532.491,306.624,492.323,314.677,939.867,465.222,459.229,774.14,551.811,299.271,246.411
2019-06-01,370.49,130.914,192.151,458.964,286.124,459.873,310.322,885.835,424.634,432.701,771.464,513.166,290.228,239.204
2019-07-01,387.867,134.623,199.042,491.126,304.009,498.366,319.86,953.501,466.838,456.276,811.394,550.246,296.558,240.507
2019-08-01,387.677,130.783,195.896,481.785,298.081,497.871,321.663,940.539,427.482,458.604,827.796,544.91,294.271,243.568
2019-09-01,380.69,120.916,185.088,452.45,280.74,466.978,332.527,925.594,398.387,456.082,845.908,534.528,295.443,243.901
2019-10-01,387.99,129.713,196.815,475.735,298.983,477.749,342.64,948.377,410.745,471.349,836.055,540.186,296.961,252.187
2019-11-01,399.433,135.21,204.353,519.827,310.373,500.524,344.461,982.321,435.323,497.585,864.432,571.585,296.054,257.006
2019-12-01,401.012,135.644,205.115,510.022,311.434,510.666,334.233,986.48,441.565,496.477,877.735,582.651,292.458,250.432
2020-01-01,415.838,143.277,215.243,508.418,322.745,530.108,356.081,1029.679,461.651,512.641,909.421,601.506,306.537,245.042
2020-02-01,411.725,136.039,210.462,459.744,320.182,533.776,385.34,997.935,423.539,503.42,927.377,601.548,301.216,244.861
2020-03-01,375.966,122.249,189.73,414.133,284.084,496.035,378.774,915.855,378.851,469.056,871.198,537.454,265.93,228.041
2020-04-01,310.772,82.72,137.823,299.625,217.622,425.439,299.955,796.21,310.425,357.529,825.161,405.767,215.633,194.432
2020-05-01,337.393,88.859,148.542,359.766,232.439,484.142,316.55,884.807,335.404,397.332,899.402,455.859,233.127,202.694
2020-06-01,354.203,91.622,152.861,377.657,232.76,522.795,335.326,934.577,380.42,430.954,924.356,496.747,247.32,213.988
2020-07-01,361.194,93.492,158.192,385.862,248.991,558.367,349.34,969.172,384.543,440.788,924.925,513.693,244.794,212.423
2020-08-01,363.641,90.453,157.437,393.959,248.38,574.239,359.86,1035.249,406.395,446.676,910.456,533.559,233.976,202.515
2020-09-01,365.235,91.152,158.644,417.454,251.189,590.951,347.984,1049.714,414.677,460.516,878.913,550.042,240.478,199.252
2020-10-01,361.801,82.423,148.3,429.672,234.436,578.22,351.742,1050.68,402.691,453.138,891.123,555.507,242.632,192.534
2020-11-01,347.864,85.601,146.658,422.055,223.106,508.244,343.629,1003.572,386.917,444.713,841.208,543.711,240.198,191.978
2020-12-01,391.904,111.588,182.702,516.278,277.651,578.837,373.362,1099.157,465.012,498.467,875.068,609.754,274.421,212.609
2021-01-01,399.034,108.207,181.791,527.264,279.136,603.609,384.02,1114.181,499.338,492.731,878.942,628.989,283.101,205.692
2021-02-01,400.774,105.804,179.048,526.557,268.154,637.743,384.27,1113.633,521.272,495.724,890.977,633.917,287.461,214.036
2021-03-01,412.442,122.826,198.923,564.722,294.923,654.74,360.648,1116.503,587.937,514.978,867.897,663.814,296.552,210.903
2021-04-01,432.219,129.148,208.046,655.612,314.655,689.296,382.938,1204.909,568.373,557.291,886.395,696.581,315.038,230.879
2021-05-01,439.916,133.412,209.98,628.68,307.071,695.497,385.419,1212.134,589.96,571.683,912.194,708.85,320.884,230.494
2021-06-01,450.095,140.689,216.274,666.928,305.488,697.568,383.865,1239.425,613.275,593.196,919.85,723.317,325.572,232.369
2021-07-01,455.628,135.981,211.408,653.127,296.633,716.658,376.411,1255.07,582.744,594.252,985.294,733.473,331.057,236.548
2021-08-01,464.449,132.729,211.554,644.631,294.039,768.855,378.345,1288.574,629.739,612.417,1009.943,761.484,343.852,235.909
2021-09-01,473.123,137.105,218.459,625.259,309.675,816.033,396.884,1312.686,593.656,631.365,1040.949,779.914,360.955,240.289
2021-10-01,452.897,139.835,215.834,630.213,303.691,741.713,363.426,1248.539,540.547,581.521,986.327,737.698,351.207,228.949
2021-11-01,478.865,150.619,231.872,678.609,320.779,807.08,392.884,1316.179,564.657,617.93,1056.962,762.544,356.543,223.07
2021-12-01,470.862,139.734,220.57,656.661,310.67,812.144,389.468,1306.55,570.064,611.488,1030.112,760.739,359.789,225.157
2022-01-01,489.988,146.388,229.872,675.257,325.112,806.015,407.84,1368.25,601.215,647.029,1076.658,802.949,372.238,231.135
